OrderID,CustomerID,EmployeeID,OrderDate,RequiredDate,ShippedDate,SendBy,Freight,ShipCountry
10648,RICAR,5,9/28/2019,11/9/2019,10/10/2019,5,14.25,Brazil
10649,MAISD,5,9/28/2019,10/26/2019,9/29/2019,5,6.2,Belgium
10650,FAMIA,5,9/29/2019,10/27/2019,10/4/2019,3,176.81,Brazil
10651,WANDK,8,10/2/2019,10/30/2019,10/12/2019,2,20.6,Germany
10652,GOURL,4,10/2/2019,10/30/2019,10/9/2019,2,7.14,Brazil
10653,FRANK,1,10/3/2019,10/31/2019,10/20/2019,1,93.25,Germany
10654,BERGS,5,10/3/2019,10/31/2019,10/12/2019,1,55.26,Sweden
10655,REGGC,1,10/4/2019,11/1/2019,10/12/2019,2,4.41,Italy
10656,GREAL,6,10/5/2019,11/2/2019,10/11/2019,1,57.15,USA
10657,SAVEA,2,10/5/2019,11/2/2019,10/16/2019,2,352.69,USA
10658,QUICK,4,10/6/2019,11/3/2019,10/9/2019,1,364.15,Germany
10659,QUEEN,7,10/6/2019,11/3/2019,10/11/2019,2,105.81,Brazil
10660,HUNGC,8,10/9/2019,11/6/2019,11/15/2019,1,111.29,USA
10661,HUNGO,7,10/10/2019,11/7/2019,10/16/2019,4,17.55,Ireland
10662,LONEP,3,10/10/2019,11/7/2019,10/19/2019,2,1.28,USA
10663,BONAP,2,10/11/2019,10/25/2019,11/3/2019,2,113.15,France
10664,FURIB,1,10/11/2019,11/8/2019,10/20/2019,3,1.27,Portugal
10665,LONEP,1,10/12/2019,11/9/2019,10/18/2019,2,26.31,USA
10666,RICSU,7,10/13/2019,11/10/2019,10/23/2019,2,232.42,Switzerland
10667,ERNSH,7,10/13/2019,11/10/2019,10/20/2019,1,78.09,Austria
10668,WANDK,1,10/16/2019,11/13/2019,10/24/2019,2,47.22,Germany
10669,SIMOB,2,10/16/2019,11/13/2019,10/23/2019,1,24.39,Denmark
10670,FRANK,4,10/17/2019,11/14/2019,10/19/2019,1,203.48,Germany
10671,FRANR,1,10/18/2019,11/15/2019,10/25/2019,1,30.34,France
10672,BERGS,9,10/18/2019,11/1/2019,10/27/2019,2,95.75,Sweden
10673,WILMK,2,10/19/2019,11/16/2019,10/20/2019,1,22.76,Finland
10674,ISLAT,4,10/19/2019,11/16/2019,10/31/2019,2,0.9,UK
10675,FRANK,5,10/20/2019,11/17/2019,10/24/2019,2,31.85,Germany
10676,TORTU,2,10/23/2019,11/20/2019,10/30/2019,2,2.01,Mexico
10677,ANTON,1,10/23/2019,11/20/2019,10/27/2019,3,4.03,Mexico
10678,SAVEA,7,10/24/2019,11/21/2019,11/16/2019,3,388.98,USA
10679,BLONP,8,10/24/2019,11/21/2019,10/31/2019,3,27.94,France
10680,OLDWO,1,10/25/2019,11/22/2019,10/27/2019,5,26.61,USA
10681,GREAL,3,10/26/2019,11/23/2019,10/31/2019,5,76.13,USA
10682,ANTON,3,10/26/2019,11/23/2019,11/1/2019,5,36.13,Mexico
10683,DUMON,2,10/27/2019,11/24/2019,11/1/2019,1,4.4,France
10684,OTTIK,3,10/27/2019,11/24/2019,10/31/2019,1,145.63,Germany
10685,GOURL,4,10/30/2019,11/13/2019,11/3/2019,2,33.75,Brazil
10686,PICCO,2,10/31/2019,11/28/2019,11/8/2019,1,96.5,Austria
10687,HUNGO,9,10/31/2019,11/28/2019,11/30/2019,2,296.43,Ireland
10688,VAFFE,4,11/1/2019,11/15/2019,11/7/2019,2,299.09,Denmark
10689,BERGS,1,11/1/2019,11/29/2019,11/7/2019,2,13.42,Sweden
10690,HANAR,1,11/2/2019,11/30/2019,11/3/2019,1,15.8,Brazil
10691,QUICK,2,11/3/2019,12/15/2019,11/22/2019,2,810.05,Germany
10692,ALFKI,4,11/3/2019,12/1/2019,11/13/2019,4,61.02,Germany
10693,WHITC,3,11/6/2019,11/20/2019,11/10/2019,3,139.34,USA
10694,QUICK,8,11/6/2019,12/4/2019,11/9/2019,3,398.36,Germany
10695,WILMK,7,11/7/2019,12/19/2019,11/14/2019,1,16.72,Finland
10696,WHITC,8,11/8/2019,12/20/2019,11/14/2019,3,102.55,USA
10697,LINOD,3,11/8/2019,12/6/2019,11/14/2019,1,45.52,Venezuela
10698,ERNSH,4,11/9/2019,12/7/2019,11/17/2019,1,272.47,Austria
10699,MORGK,3,11/9/2019,12/7/2019,11/13/2019,3,0.58,Germany
10700,SAVEA,3,11/10/2019,12/8/2019,11/16/2019,1,65.1,USA
10701,HUNGO,6,11/13/2019,11/27/2019,11/15/2019,3,220.31,Ireland
10702,ALFKI,4,11/13/2019,12/25/2019,11/21/2019,1,23.94,Germany
10703,FOLKO,6,11/14/2019,12/12/2019,11/20/2019,2,152.3,Sweden
10704,QUEEN,6,11/14/2019,12/12/2019,12/8/2019,1,4.78,Brazil
10705,HILAA,9,11/15/2019,12/13/2019,12/19/2019,2,3.52,Venezuela
10706,OLDWO,8,11/16/2019,12/14/2019,11/21/2019,5,135.63,USA
10707,AROUT,4,11/16/2019,11/30/2019,11/23/2019,3,21.74,UK
10708,THEBI,6,11/17/2019,12/29/2019,12/6/2019,2,2.96,USA
10709,GOURL,1,11/17/2019,12/15/2019,12/21/2019,3,210.8,Brazil
10710,FRANS,1,11/20/2019,12/18/2019,11/23/2019,1,4.98,Italy
10711,SAVEA,5,11/21/2019,1/2/2020,11/29/2019,2,52.41,USA
10712,HUNGO,3,11/21/2019,12/19/2019,12/1/2019,1,89.93,Ireland
10713,SAVEA,1,11/22/2019,12/20/2019,11/24/2019,1,167.05,USA
10714,SAVEA,5,11/22/2019,12/20/2019,11/27/2019,3,24.49,USA
10715,BONAP,3,11/23/2019,12/7/2019,11/29/2019,1,63.2,France
10716,RANCH,4,11/24/2019,12/22/2019,11/27/2019,4,22.57,Argentina
10717,FRANK,1,11/24/2019,12/22/2019,11/29/2019,2,59.25,Germany
10718,KOENE,1,11/27/2019,12/25/2019,11/29/2019,5,170.88,Germany
10719,LETSS,8,11/27/2019,12/25/2019,12/6/2019,2,51.44,USA
10720,QUEDE,8,11/28/2019,12/12/2019,12/6/2019,2,9.53,Brazil
10721,QUICK,5,11/29/2019,12/27/2019,12/1/2019,3,48.92,Germany
10722,SAVEA,8,11/29/2019,1/10/2020,12/5/2019,1,74.58,USA
10723,WHITC,3,11/30/2019,12/28/2019,12/26/2019,1,21.72,USA
10724,MEREP,8,11/30/2019,1/11/2020,12/6/2019,2,57.75,Canada
10725,FAMIA,4,12/1/2019,12/29/2019,12/6/2019,3,10.83,Brazil
10726,EASTC,4,12/4/2019,12/18/2019,1/5/2020,1,16.56,UK
10727,REGGC,2,12/4/2019,1/1/2020,1/5/2020,1,89.9,Italy
10728,QUEEN,4,12/5/2019,1/2/2020,12/12/2019,2,58.33,Brazil
10729,LINOD,8,12/5/2019,1/16/2020,12/15/2019,5,141.06,Venezuela
10730,BONAP,5,12/6/2019,1/3/2020,12/15/2019,1,20.12,France
10731,CHOPS,7,12/7/2019,1/4/2020,12/15/2019,1,96.65,Switzerland
10732,BONAP,3,12/7/2019,1/4/2020,12/8/2019,1,16.97,France
10733,BERGS,1,12/8/2019,1/5/2020,12/11/2019,3,110.11,Sweden
10734,GOURL,2,12/8/2019,1/5/2020,12/13/2019,3,1.63,Brazil
10735,LETSS,6,12/11/2019,1/8/2020,12/22/2019,2,45.97,USA
10736,HUNGO,9,12/12/2019,1/9/2020,12/22/2019,2,44.1,Ireland
10737,VINET,2,12/12/2019,1/9/2020,12/19/2019,2,7.79,France
10738,SPECD,2,12/13/2019,1/10/2020,12/19/2019,1,2.91,France
10739,VINET,3,12/13/2019,1/10/2020,12/18/2019,3,11.08,France
10740,WHITC,4,12/14/2019,1/11/2020,12/26/2019,2,81.88,USA
10741,AROUT,4,12/15/2019,12/29/2019,12/19/2019,3,10.96,UK
10742,BOTTM,3,12/15/2019,1/12/2020,12/19/2019,3,243.73,Canada
10743,AROUT,1,12/18/2019,1/15/2020,12/22/2019,2,23.72,UK
10744,VAFFE,6,12/18/2019,1/15/2020,12/25/2019,1,69.19,Denmark
10745,QUICK,9,12/19/2019,1/16/2020,12/28/2019,4,3.52,Germany
10746,CHOPS,1,12/20/2019,1/17/2020,12/22/2019,5,31.43,Switzerland
10747,PICCO,6,12/20/2019,1/17/2020,12/27/2019,1,117.33,Austria
10748,SAVEA,3,12/21/2019,1/18/2020,12/29/2019,1,232.55,USA
10749,ISLAT,4,12/21/2019,1/18/2020,1/19/2020,2,61.53,UK
10750,WARTH,9,12/22/2019,1/19/2020,12/25/2019,1,79.3,Finland
10751,RICSU,3,12/25/2019,1/22/2020,1/3/2020,3,130.79,Switzerland
10752,NORTS,2,12/25/2019,1/22/2020,12/29/2019,3,1.39,UK
10753,FRANS,3,12/26/2019,1/23/2020,12/28/2019,1,7.7,Italy
10754,MAGAA,6,12/26/2019,1/23/2020,12/28/2019,3,2.38,Italy
10755,BONAP,4,12/27/2019,1/24/2020,12/29/2019,2,16.71,France
10756,SPLIR,8,12/28/2019,1/25/2020,1/2/2020,2,73.21,USA
10757,SAVEA,6,12/28/2019,1/25/2020,1/15/2020,1,8.19,USA
10758,RICSU,3,12/29/2019,1/26/2020,1/4/2020,3,138.17,Switzerland
10759,ANATR,3,12/29/2019,1/26/2020,1/12/2020,3,11.99,Mexico
10760,MAISD,4,1/1/2020,1/29/2020,1/10/2020,1,155.64,Belgium
10761,RATTC,5,1/2/2020,1/30/2020,1/8/2020,2,18.66,USA
10762,FOLKO,3,1/2/2020,1/30/2020,1/9/2020,1,328.74,Sweden
10763,FOLIG,3,1/3/2020,1/31/2020,1/8/2020,3,37.35,France
10764,ERNSH,6,1/3/2020,1/31/2020,1/8/2020,3,145.45,Austria
10765,QUICK,3,1/4/2020,2/1/2020,1/9/2020,3,42.74,Germany
10766,OTTIK,4,1/5/2020,2/2/2020,1/9/2020,5,157.55,Germany
10767,SUPRD,4,1/5/2020,2/2/2020,1/15/2020,3,1.59,Belgium
10768,AROUT,3,1/8/2020,2/5/2020,1/15/2020,2,146.32,UK
10769,VAFFE,3,1/8/2020,2/5/2020,1/12/2020,1,65.06,Denmark
10770,HANAR,8,1/9/2020,2/6/2020,1/17/2020,3,5.32,Brazil
10771,ERNSH,9,1/10/2020,2/7/2020,2/2/2020,2,11.19,Austria
10772,LEHMS,3,1/10/2020,2/7/2020,1/19/2020,2,91.28,Germany
10773,ERNSH,1,1/11/2020,2/8/2020,1/16/2020,3,96.43,Austria
10774,FOLKO,4,1/11/2020,1/25/2020,1/12/2020,1,48.2,Sweden
10775,THECR,7,1/12/2020,2/9/2020,1/26/2020,1,20.25,USA
10776,ERNSH,1,1/15/2020,2/12/2020,1/18/2020,3,351.53,Austria
10777,GOURL,7,1/15/2020,1/29/2020,2/21/2020,2,3.01,Brazil
10778,BERGS,3,1/16/2020,2/13/2020,1/24/2020,1,6.79,Sweden
10779,MORGK,3,1/16/2020,2/13/2020,2/14/2020,2,58.13,Germany
10780,LILAS,2,1/16/2020,1/30/2020,1/25/2020,1,42.13,Venezuela
10781,WARTH,2,1/17/2020,2/14/2020,1/19/2020,3,73.16,Finland
10782,CACTU,9,1/17/2020,2/14/2020,1/22/2020,3,1.1,Argentina
10783,HANAR,4,1/18/2020,2/15/2020,1/19/2020,2,124.98,Brazil
10784,MAGAA,4,1/18/2020,2/15/2020,1/22/2020,3,70.09,Italy
10785,GROSR,1,1/18/2020,2/15/2020,1/24/2020,5,1.51,Venezuela
10786,QUEEN,8,1/19/2020,2/16/2020,1/23/2020,1,110.87,Brazil
10787,LAMAI,2,1/19/2020,2/2/2020,1/26/2020,5,249.93,France
10788,QUICK,1,1/22/2020,2/19/2020,2/19/2020,2,42.7,Germany
10789,FOLIG,1,1/22/2020,2/19/2020,1/31/2020,5,100.6,France
10790,GOURL,6,1/22/2020,2/19/2020,1/26/2020,1,28.23,Brazil
10791,FRANK,6,1/23/2020,2/20/2020,2/1/2020,2,16.85,Germany
10792,WOLZA,1,1/23/2020,2/20/2020,1/31/2020,3,23.79,Poland
10793,AROUT,3,1/24/2020,2/21/2020,2/8/2020,3,4.52,UK
10794,QUEDE,6,1/24/2020,2/21/2020,2/2/2020,1,21.49,Brazil
10795,ERNSH,8,1/24/2020,2/21/2020,2/20/2020,2,126.66,Austria
10796,HILAA,3,1/25/2020,2/22/2020,2/14/2020,1,26.52,Venezuela
10797,DRACD,7,1/25/2020,2/22/2020,2/5/2020,2,33.35,Germany
10798,ISLAT,2,1/26/2020,2/23/2020,2/5/2020,1,2.33,UK
10799,KOENE,9,1/26/2020,3/8/2020,2/5/2020,3,30.76,Germany
10800,SEVES,1,1/26/2020,2/23/2020,2/5/2020,4,137.44,UK
10801,BOLID,4,1/29/2020,2/26/2020,1/31/2020,2,97.09,Spain
10802,SIMOB,4,1/29/2020,2/26/2020,2/2/2020,4,257.26,Denmark
10803,WELLI,4,1/30/2020,2/27/2020,2/6/2020,4,55.23,Brazil
10804,SEVES,6,1/30/2020,2/27/2020,2/7/2020,2,27.33,UK
10805,THEBI,2,1/30/2020,2/27/2020,2/9/2020,3,237.34,USA
10806,VICTE,3,1/31/2020,2/28/2020,2/5/2020,2,22.11,France
10807,FRANS,4,1/31/2020,2/28/2020,3/1/2020,5,1.36,Italy
10808,OLDWO,2,2/1/2020,2/29/2020,2/9/2020,3,45.53,USA
10809,WELLI,7,2/1/2020,2/29/2020,2/7/2020,5,4.87,Brazil
10810,LAUGB,2,2/1/2020,2/29/2020,2/7/2020,3,4.33,Canada
10811,LINOD,8,2/2/2020,3/1/2020,2/8/2020,1,31.22,Venezuela
10812,REGGC,5,2/2/2020,3/1/2020,2/12/2020,1,59.78,Italy
10813,RICAR,1,2/5/2020,3/4/2020,2/9/2020,1,47.38,Brazil
10814,VICTE,3,2/5/2020,3/4/2020,2/14/2020,3,130.94,France
10815,SAVEA,2,2/5/2020,3/4/2020,2/14/2020,3,14.62,USA
10816,GREAL,4,2/6/2020,3/5/2020,3/6/2020,2,719.78,USA
10817,KOENE,3,2/6/2020,2/20/2020,2/13/2020,2,306.07,Germany
10818,MAGAA,7,2/7/2020,3/6/2020,2/12/2020,3,65.48,Italy
10819,CACTU,2,2/7/2020,3/6/2020,2/16/2020,3,19.76,Argentina
10820,RATTC,3,2/7/2020,3/6/2020,2/13/2020,2,37.52,USA
10821,SPLIR,1,2/8/2020,3/7/2020,2/15/2020,1,36.68,USA
10822,TRAIH,6,2/8/2020,3/7/2020,2/16/2020,3,7,USA
10823,LILAS,5,2/9/2020,3/8/2020,2/13/2020,2,163.97,Venezuela
10824,FOLKO,8,2/9/2020,3/8/2020,3/1/2020,1,1.23,Sweden
10825,DRACD,1,2/9/2020,3/8/2020,2/14/2020,1,79.25,Germany
10826,BLONP,6,2/12/2020,3/11/2020,3/8/2020,1,7.09,France
10827,BONAP,1,2/12/2020,2/26/2020,3/8/2020,5,63.54,France
10828,RANCH,9,2/13/2020,2/27/2020,3/6/2020,1,90.85,Argentina
10829,ISLAT,9,2/13/2020,3/12/2020,2/23/2020,1,154.72,UK
10830,TRADH,4,2/13/2020,3/26/2020,2/21/2020,2,81.83,Brazil
10831,SANTG,3,2/14/2020,3/13/2020,2/23/2020,2,72.19,Norway
10832,LAMAI,2,2/14/2020,3/13/2020,2/19/2020,2,43.26,France
10833,OTTIK,6,2/15/2020,3/14/2020,2/23/2020,2,71.49,Germany
10834,TRADH,1,2/15/2020,3/14/2020,2/19/2020,3,29.78,Brazil
10835,ALFKI,1,2/15/2020,3/14/2020,2/21/2020,3,69.53,Germany
10836,ERNSH,7,2/16/2020,3/15/2020,2/21/2020,5,411.88,Austria
10837,BERGS,9,2/16/2020,3/15/2020,2/23/2020,3,13.32,Sweden
10838,LINOD,3,2/19/2020,3/18/2020,2/23/2020,3,59.28,Venezuela
10839,TRADH,3,2/19/2020,3/18/2020,2/22/2020,3,35.43,Brazil
10840,LINOD,4,2/19/2020,4/1/2020,3/18/2020,2,2.71,Venezuela
10841,SUPRD,5,2/20/2020,3/19/2020,2/29/2020,2,424.3,Belgium
10842,TORTU,1,2/20/2020,3/19/2020,2/29/2020,3,54.42,Mexico
10843,VICTE,4,2/21/2020,3/20/2020,2/26/2020,2,9.26,France
10844,PICCO,8,2/21/2020,3/20/2020,2/26/2020,2,25.22,Austria
10845,QUICK,8,2/21/2020,3/6/2020,3/1/2020,1,212.98,Germany
10846,SUPRD,2,2/22/2020,4/4/2020,2/23/2020,3,56.46,Belgium
10847,SAVEA,4,2/22/2020,3/7/2020,3/12/2020,3,487.57,USA
10848,CONSH,7,2/23/2020,3/22/2020,2/29/2020,2,38.24,UK
10849,KOENE,9,2/23/2020,3/22/2020,3/1/2020,2,0.56,Germany
10850,VICTE,1,2/23/2020,4/5/2020,3/1/2020,1,49.19,France
10851,RICAR,5,2/26/2020,3/25/2020,3/4/2020,1,160.55,Brazil
10852,RATTC,8,2/26/2020,3/11/2020,3/1/2020,1,174.05,USA
10853,BLAUS,9,2/27/2020,3/26/2020,3/5/2020,2,53.83,Germany
10854,ERNSH,3,2/27/2020,3/26/2020,3/7/2020,2,100.22,Austria
10855,OLDWO,3,2/27/2020,3/26/2020,3/6/2020,1,170.97,USA
10856,ANTON,3,2/28/2020,3/27/2020,3/12/2020,2,58.43,Mexico
10857,BERGS,8,2/28/2020,3/27/2020,3/8/2020,2,188.85,Sweden
10858,LACOR,2,2/29/2020,3/28/2020,3/5/2020,1,52.51,France
10859,FRANK,1,2/29/2020,3/28/2020,3/4/2020,4,76.1,Germany
10860,FRANR,3,2/29/2020,3/28/2020,3/6/2020,3,19.26,France
10861,WHITC,4,3/1/2020,3/29/2020,3/19/2020,2,14.93,USA
10862,LEHMS,8,3/1/2020,4/12/2020,3/4/2020,2,53.23,Germany
10863,HILAA,4,3/4/2020,4/1/2020,3/19/2020,2,30.26,Venezuela
10864,AROUT,4,3/4/2020,4/1/2020,3/11/2020,2,3.04,UK
10865,QUICK,2,3/4/2020,3/18/2020,3/14/2020,1,348.14,Germany
10866,BERGS,5,3/5/2020,4/2/2020,3/14/2020,1,109.11,Sweden
10867,LONEP,6,3/5/2020,4/16/2020,3/13/2020,1,1.93,USA
10868,QUEEN,7,3/6/2020,4/3/2020,3/25/2020,2,191.27,Brazil
10869,SEVES,5,3/6/2020,4/3/2020,3/11/2020,1,143.28,UK
10870,WOLZA,5,3/6/2020,4/3/2020,3/15/2020,3,12.04,Poland
10871,BONAP,9,3/7/2020,4/4/2020,3/12/2020,2,112.27,France
10872,GODOS,5,3/7/2020,4/4/2020,3/11/2020,2,175.32,Spain
10873,WILMK,4,3/8/2020,4/5/2020,3/11/2020,1,0.82,Finland
10874,GODOS,5,3/8/2020,4/5/2020,3/13/2020,2,19.58,Spain
10875,BERGS,4,3/8/2020,4/5/2020,4/2/2020,2,32.37,Sweden
10876,BONAP,7,3/11/2020,4/8/2020,3/14/2020,3,60.42,France
10877,RICAR,1,3/11/2020,4/8/2020,3/21/2020,1,38.06,Brazil
10878,QUICK,4,3/12/2020,4/9/2020,3/14/2020,1,46.69,Germany
10879,WILMK,3,3/12/2020,4/9/2020,3/14/2020,4,8.5,Finland
10880,FOLKO,7,3/12/2020,4/23/2020,3/20/2020,1,88.01,Sweden
10881,CACTU,4,3/13/2020,4/10/2020,3/20/2020,1,2.84,Argentina
10882,SAVEA,4,3/13/2020,4/10/2020,3/22/2020,4,23.1,USA
10883,LONEP,8,3/14/2020,4/11/2020,3/22/2020,3,0.53,USA
10884,LETSS,4,3/14/2020,4/11/2020,3/15/2020,4,90.97,USA
10885,SUPRD,6,3/14/2020,4/11/2020,3/20/2020,3,5.64,Belgium
10886,HANAR,1,3/15/2020,4/12/2020,4/1/2020,1,4.99,Brazil
10887,GALED,8,3/15/2020,4/12/2020,3/18/2020,5,1.25,Spain
10888,GODOS,1,3/18/2020,4/15/2020,3/25/2020,2,51.87,Spain
10889,RATTC,9,3/18/2020,4/15/2020,3/25/2020,3,280.61,USA
10890,DUMON,7,3/18/2020,4/15/2020,3/20/2020,1,32.76,France
10891,LEHMS,7,3/19/2020,4/16/2020,3/21/2020,2,20.37,Germany
10892,MAISD,4,3/19/2020,4/16/2020,3/21/2020,5,120.27,Belgium
10893,KOENE,9,3/20/2020,4/17/2020,3/22/2020,2,77.78,Germany
10894,SAVEA,1,3/20/2020,4/17/2020,3/22/2020,1,116.13,USA
10895,ERNSH,3,3/20/2020,4/17/2020,3/25/2020,1,162.75,Austria
10896,MAISD,7,3/21/2020,4/18/2020,3/29/2020,3,32.45,Belgium
10897,HUNGO,3,3/21/2020,4/18/2020,3/27/2020,2,603.54,Ireland
10898,OCEAN,4,3/22/2020,4/19/2020,4/5/2020,2,1.27,Argentina
10899,LILAS,5,3/22/2020,4/19/2020,3/28/2020,3,1.21,Venezuela
10900,WELLI,1,3/22/2020,4/19/2020,4/3/2020,2,1.66,Brazil
10901,HILAA,4,3/25/2020,4/22/2020,3/28/2020,1,62.09,Venezuela
10902,FOLKO,1,3/25/2020,4/22/2020,4/2/2020,1,44.15,Sweden
10903,HANAR,3,3/26/2020,4/23/2020,4/3/2020,3,36.71,Brazil
10904,WHITC,3,3/26/2020,4/23/2020,3/29/2020,3,162.95,USA
10905,WELLI,9,3/26/2020,4/23/2020,4/5/2020,2,13.72,Brazil
10906,WOLZA,4,3/27/2020,4/10/2020,4/2/2020,3,26.29,Poland
10907,SPECD,6,3/27/2020,4/24/2020,3/29/2020,3,9.19,France
10908,REGGC,4,3/28/2020,4/25/2020,4/5/2020,2,32.96,Italy
10909,SANTG,1,3/28/2020,4/25/2020,4/9/2020,2,53.05,Norway
10910,WILMK,1,3/28/2020,4/25/2020,4/3/2020,3,38.11,Finland
10911,GODOS,3,3/28/2020,4/25/2020,4/4/2020,1,38.19,Spain
10912,HUNGO,2,3/28/2020,4/25/2020,4/17/2020,2,580.91,Ireland
10913,QUEEN,4,3/28/2020,4/25/2020,4/3/2020,1,33.05,Brazil
10914,QUEEN,6,3/29/2020,4/26/2020,4/1/2020,1,21.19,Brazil
10915,TORTU,2,3/29/2020,4/26/2020,4/1/2020,2,3.51,Mexico
10916,RANCH,1,3/29/2020,4/26/2020,4/8/2020,2,63.77,Argentina
10917,ROMEY,4,4/1/2020,4/29/2020,4/10/2020,2,8.29,Spain
10918,BOTTM,3,4/1/2020,4/29/2020,4/10/2020,3,48.83,Canada
10919,LINOD,2,4/1/2020,4/29/2020,4/3/2020,2,19.8,Venezuela
10920,AROUT,4,4/2/2020,4/30/2020,4/8/2020,5,29.61,UK
10921,VAFFE,1,4/2/2020,5/14/2020,4/8/2020,1,176.48,Denmark
10922,HANAR,5,4/2/2020,4/30/2020,4/4/2020,3,62.74,Brazil
10923,LAMAI,7,4/2/2020,5/14/2020,4/12/2020,3,68.26,France
10924,BERGS,3,4/3/2020,5/1/2020,5/8/2020,4,151.52,Sweden
10925,HANAR,3,4/3/2020,5/1/2020,4/12/2020,1,2.27,Brazil
10926,ANATR,4,4/3/2020,5/1/2020,4/10/2020,3,39.92,Mexico
10927,LACOR,4,4/4/2020,5/2/2020,5/8/2020,1,19.79,France
10928,GALED,1,4/4/2020,5/2/2020,4/17/2020,1,1.36,Spain
10929,FRANK,6,4/4/2020,5/2/2020,4/11/2020,1,33.93,Germany
10930,SUPRD,4,4/5/2020,5/17/2020,4/17/2020,3,15.55,Belgium
10931,RICSU,4,4/5/2020,4/19/2020,4/18/2020,2,13.6,Switzerland
10932,BONAP,8,4/5/2020,5/3/2020,4/23/2020,1,134.64,France
10933,ISLAT,6,4/5/2020,5/3/2020,4/15/2020,3,54.15,UK
10934,LEHMS,3,4/8/2020,5/6/2020,4/11/2020,3,32.01,Germany
10935,WELLI,4,4/8/2020,5/6/2020,4/17/2020,3,47.59,Brazil
10936,GREAL,3,4/8/2020,5/6/2020,4/17/2020,2,33.68,USA
10937,CACTU,7,4/9/2020,4/23/2020,4/12/2020,3,31.51,Argentina
10938,QUICK,3,4/9/2020,5/7/2020,4/15/2020,2,31.89,Germany
10939,MAGAA,2,4/9/2020,5/7/2020,4/12/2020,2,76.33,Italy
10940,BONAP,8,4/10/2020,5/8/2020,4/22/2020,3,19.77,France
10941,SAVEA,7,4/10/2020,5/8/2020,4/19/2020,2,400.81,USA
10942,REGGC,9,4/10/2020,5/8/2020,4/17/2020,3,17.95,Italy
10943,BSBEV,4,4/10/2020,5/8/2020,4/18/2020,2,2.17,UK
10944,BOTTM,6,4/11/2020,4/25/2020,4/12/2020,3,52.92,Canada
10945,MORGK,4,4/11/2020,5/9/2020,4/17/2020,4,10.22,Germany
10946,VAFFE,1,4/11/2020,5/9/2020,4/18/2020,2,27.2,Denmark
10947,BSBEV,3,4/12/2020,5/10/2020,4/15/2020,2,3.26,UK
10948,GODOS,3,4/12/2020,5/10/2020,4/18/2020,3,23.39,Spain
10949,BOTTM,2,4/12/2020,5/10/2020,4/16/2020,3,74.44,Canada
10950,MAGAA,1,4/15/2020,5/13/2020,4/22/2020,2,2.5,Italy
10951,RICSU,9,4/15/2020,5/27/2020,5/7/2020,2,30.85,Switzerland
10952,ALFKI,1,4/15/2020,5/27/2020,4/23/2020,5,40.42,Germany
10953,AROUT,9,4/15/2020,4/29/2020,4/24/2020,2,23.72,UK
10954,LINOD,5,4/16/2020,5/28/2020,4/19/2020,1,27.91,Venezuela
10955,FOLKO,8,4/16/2020,5/14/2020,4/19/2020,2,3.26,Sweden
10956,BLAUS,6,4/16/2020,5/28/2020,4/19/2020,2,44.65,Germany
10957,HILAA,8,4/17/2020,5/15/2020,4/26/2020,3,105.36,Venezuela
10958,OCEAN,7,4/17/2020,5/15/2020,4/26/2020,2,49.56,Argentina
10959,GOURL,6,4/17/2020,5/29/2020,4/22/2020,2,4.98,Brazil
10960,HILAA,3,4/18/2020,5/2/2020,5/8/2020,4,2.08,Venezuela
10961,QUEEN,8,4/18/2020,5/16/2020,4/29/2020,1,104.47,Brazil
10962,QUICK,8,4/18/2020,5/16/2020,4/22/2020,2,275.79,Germany
10963,FURIB,9,4/18/2020,5/16/2020,4/25/2020,3,2.7,Portugal
10964,SPECD,3,4/19/2020,5/17/2020,4/23/2020,2,87.38,France
10965,OLDWO,6,4/19/2020,5/17/2020,4/29/2020,5,144.38,USA
10966,CHOPS,4,4/19/2020,5/17/2020,5/8/2020,1,27.19,Switzerland
10967,TOMSP,2,4/22/2020,5/20/2020,5/2/2020,2,62.22,Germany
10968,ERNSH,1,4/22/2020,5/20/2020,5/1/2020,3,74.6,Austria
10969,COMMI,1,4/22/2020,5/20/2020,4/29/2020,2,0.21,Brazil
10970,BOLID,9,4/23/2020,5/7/2020,5/24/2020,1,16.16,Spain
10971,FRANR,2,4/23/2020,5/21/2020,5/2/2020,2,121.82,France
10972,LACOR,4,4/23/2020,5/21/2020,4/25/2020,2,0.02,France
10973,LACOR,6,4/23/2020,5/21/2020,4/26/2020,2,15.17,France
10974,SPLIR,3,4/24/2020,5/8/2020,5/3/2020,4,12.96,USA
10975,BOTTM,1,4/24/2020,5/22/2020,4/26/2020,3,32.27,Canada
10976,HILAA,1,4/24/2020,6/5/2020,5/3/2020,1,37.97,Venezuela
10977,FOLKO,8,4/25/2020,5/23/2020,5/10/2020,3,208.5,Sweden
10978,MAISD,9,4/25/2020,5/23/2020,5/23/2020,2,32.82,Belgium
10979,ERNSH,8,4/25/2020,5/23/2020,4/30/2020,2,353.07,Austria
10980,FOLKO,4,4/26/2020,6/7/2020,5/17/2020,1,1.26,Sweden
10981,HANAR,1,4/26/2020,5/24/2020,5/2/2020,2,193.37,Brazil
10982,BOTTM,2,4/26/2020,5/24/2020,5/8/2020,1,14.01,Canada
10983,SAVEA,2,4/26/2020,5/24/2020,5/6/2020,2,657.54,USA
10984,SAVEA,1,4/29/2020,5/27/2020,5/3/2020,3,211.22,USA
10985,HUNGO,2,4/29/2020,5/27/2020,5/2/2020,1,91.51,Ireland
10986,OCEAN,8,4/29/2020,5/27/2020,5/21/2020,2,217.86,Argentina
10987,EASTC,8,4/30/2020,5/28/2020,5/6/2020,1,185.48,UK
10988,RATTC,3,4/30/2020,5/28/2020,5/10/2020,2,61.14,USA
10989,QUEDE,2,4/30/2020,5/28/2020,5/2/2020,1,34.76,Brazil
10990,ERNSH,2,5/1/2020,6/12/2020,5/7/2020,5,117.61,Austria
10991,QUICK,1,5/1/2020,5/29/2020,5/7/2020,1,38.51,Germany
10992,THEBI,1,5/1/2020,5/29/2020,5/3/2020,3,4.27,USA
10993,FOLKO,7,5/1/2020,5/29/2020,5/10/2020,3,8.81,Sweden
10994,VAFFE,2,5/2/2020,5/16/2020,5/9/2020,3,65.53,Denmark
10995,PERIC,1,5/2/2020,5/30/2020,5/6/2020,4,46,Mexico
10996,QUICK,4,5/2/2020,5/30/2020,5/10/2020,2,1.12,Germany
10997,LILAS,8,5/3/2020,6/14/2020,5/13/2020,2,73.91,Venezuela
10998,WOLZA,8,5/3/2020,5/17/2020,5/17/2020,2,20.31,Poland
10999,OTTIK,6,5/3/2020,5/31/2020,5/10/2020,2,96.35,Germany
11000,RATTC,2,5/6/2020,6/3/2020,5/14/2020,3,55.12,USA
11001,FOLKO,2,5/6/2020,6/3/2020,5/14/2020,4,197.3,Sweden
11002,SAVEA,4,5/6/2020,6/3/2020,5/16/2020,1,141.16,USA
11003,THECR,3,5/6/2020,6/3/2020,5/8/2020,3,14.91,USA
11004,MAISD,3,5/7/2020,6/4/2020,5/20/2020,1,44.84,Belgium
11005,WILMK,2,5/7/2020,6/4/2020,5/10/2020,1,0.75,Finland
11006,GREAL,3,5/7/2020,6/4/2020,5/15/2020,2,25.19,USA
11007,PRINI,8,5/8/2020,6/5/2020,5/13/2020,2,202.24,Portugal
11009,GODOS,2,5/8/2020,6/5/2020,5/10/2020,1,59.11,Spain
11010,REGGC,2,5/9/2020,6/6/2020,5/21/2020,2,28.71,Italy
11011,ALFKI,3,5/9/2020,6/6/2020,5/13/2020,1,1.21,Germany
11012,FRANK,1,5/9/2020,5/23/2020,5/17/2020,3,242.95,Germany
11013,ROMEY,2,5/9/2020,6/6/2020,5/10/2020,4,32.99,Spain
11014,LINOD,2,5/10/2020,6/7/2020,5/15/2020,3,23.6,Venezuela
11015,SANTG,2,5/10/2020,5/24/2020,5/20/2020,2,4.62,Norway
11016,AROUT,9,5/10/2020,6/7/2020,5/13/2020,2,33.8,UK
11017,ERNSH,9,5/13/2020,6/10/2020,5/20/2020,4,754.26,Austria
11018,LONEP,4,5/13/2020,6/10/2020,5/16/2020,2,11.65,USA
11020,OTTIK,2,5/14/2020,6/11/2020,5/16/2020,2,43.3,Germany
11021,QUICK,3,5/14/2020,6/11/2020,5/21/2020,5,297.18,Germany
11022,HANAR,9,5/14/2020,6/11/2020,6/3/2020,2,6.27,Brazil
11023,BSBEV,1,5/14/2020,5/28/2020,5/24/2020,2,123.83,UK
11024,EASTC,4,5/15/2020,6/12/2020,5/20/2020,1,74.36,UK
11025,WARTH,6,5/15/2020,6/12/2020,5/24/2020,3,29.17,Finland
11026,FRANS,4,5/15/2020,6/12/2020,5/28/2020,1,47.09,Italy
11027,BOTTM,1,5/16/2020,6/13/2020,5/20/2020,1,52.52,Canada
11028,KOENE,2,5/16/2020,6/13/2020,5/22/2020,1,29.59,Germany
11029,CHOPS,4,5/16/2020,6/13/2020,5/27/2020,1,47.84,Switzerland
11030,SAVEA,7,5/17/2020,6/14/2020,5/27/2020,4,830.75,USA
11031,SAVEA,6,5/17/2020,6/14/2020,5/24/2020,2,227.22,USA
11032,WHITC,2,5/17/2020,6/14/2020,5/23/2020,5,606.19,USA
11033,RICSU,7,5/17/2020,6/14/2020,5/23/2020,3,84.74,Switzerland
11034,OLDWO,8,5/20/2020,7/1/2020,5/27/2020,1,40.32,USA
11035,SUPRD,2,5/20/2020,6/17/2020,5/24/2020,2,0.17,Belgium
11036,DRACD,8,5/20/2020,6/17/2020,5/22/2020,5,149.47,Germany
11037,GODOS,7,5/21/2020,6/18/2020,5/27/2020,5,3.2,Spain
11038,SUPRD,1,5/21/2020,6/18/2020,5/30/2020,2,29.59,Belgium
11041,CHOPS,3,5/22/2020,6/19/2020,5/28/2020,2,48.22,Switzerland
11042,COMMI,2,5/22/2020,6/5/2020,5/31/2020,1,29.99,Brazil
11043,SPECD,5,5/22/2020,6/19/2020,5/29/2020,4,8.8,France
11044,WOLZA,4,5/23/2020,6/20/2020,5/31/2020,4,8.72,Poland
11046,WANDK,8,5/23/2020,6/20/2020,5/24/2020,4,71.64,Germany
11047,EASTC,7,5/24/2020,6/21/2020,5/31/2020,3,46.62,UK
11048,BOTTM,7,5/24/2020,6/21/2020,5/30/2020,3,24.12,Canada
11049,GOURL,3,5/24/2020,6/21/2020,6/3/2020,1,8.34,Brazil
11050,FOLKO,8,5/27/2020,6/24/2020,6/4/2020,2,59.41,Sweden
11052,HANAR,3,5/27/2020,6/24/2020,5/31/2020,1,67.26,Brazil
11053,PICCO,2,5/27/2020,6/24/2020,5/29/2020,2,53.05,Austria
11055,HILAA,7,5/28/2020,6/25/2020,6/4/2020,5,120.92,Venezuela
11056,EASTC,8,5/28/2020,6/11/2020,5/31/2020,2,278.96,UK
11057,NORTS,3,5/29/2020,6/26/2020,5/31/2020,4,4.13,UK
11060,FRANS,2,5/30/2020,6/27/2020,6/3/2020,2,10.98,Italy
11063,HUNGO,3,5/30/2020,6/27/2020,6/5/2020,3,81.73,Ireland
11064,SAVEA,1,5/31/2020,6/28/2020,6/3/2020,1,30.09,USA
11066,WHITC,7,5/31/2020,6/28/2020,6/3/2020,4,44.72,USA
11067,DRACD,1,6/3/2020,6/17/2020,6/5/2020,2,7.98,Germany
11069,TORTU,1,6/3/2020,7/1/2020,6/5/2020,4,15.67,Mexico
